causa,frecuencia,monto_total,pct_cobertura,pct_acumulado,rango,origen
OTRAS ENFERMEDADES DE LOS TEJIDOS DUROS DE LOS DIENTES,409300,200944107.56,8.6841,8.6841,1,top_500
CARIES DENTAL,122070,113256872.87,2.59,16.4884,2,top_500
ALTERACIONES DE LA VISION,110304,124615482.73,2.3403,18.8287,3,top_500
PARTO POR CESÁREA ELECTIVA,80050,2865600209.94,1.6984,20.5271,4,top_500
EMBARAZO CONFIRMADO,75148,2071783920.96,1.5944,22.1215,5,top_500
DESVIACIÓN DEL TABIQUE NASAL,74348,3662116450.85,1.5774,23.6989,6,top_500
"COVID-19, VIRUS IDENTIFICADO",72207,10455557778.52,1.532,25.2309,7,top_500
CÁLCULO DE LA VESÍCULA BILIAR CON COLECISTITIS AGUDA,55556,3924306027.18,1.1787,26.4096,8,top_500
"PARTO POR CESÁREA, SIN OTRA ESPECIFICACIÓN",47828,1653162993.28,1.0148,27.4244,9,top_500
EXAMEN GENERAL E INVESTIGACION DE PERSONAS SIN QUEJAS O SIN DIAGNOSTICO INFORMADO,44472,3585989152.96,0.9436,28.368,10,top_500
HIPERTENSIÓN ESENCIAL (PRIMARIA),44158,972597146.16,0.9369,29.3049,11,top_500
CÁLCULO DEL RIÑÓN,40292,3176296946.62,0.8549,30.1598,12,top_500
MENISCO QUÍSTICO,36396,2928137531.26,0.7722,30.932,13,top_500
LEIOMIOMA SUBMUCOSO DEL ÚTERO,35705,2009708478.24,0.7576,31.6896,14,top_500
EXAMEN MÉDICO GENERAL,35059,495896829.12,0.7438,32.4334,15,top_500
ENFERMEDAD DEL REFLUJO GASTROESOFÁGICO CON ESOFAGITIS,34025,1442397399.23,0.7219,33.1553,16,top_500
OTRAS GASTROENTERITIS Y COLITIS DE ORIGEN INFECCIOSO,33403,1012932380.82,0.7087,33.864,17,top_500
"TRASTORNOS DE DISCO LUMBAR Y OTROS, CON RADICULOPATÍA",32745,4728378760.2,0.6948,34.5588,18,top_500
APENDICITIS AGUDA CON PERITONITIS GENERALIZADA,32008,2070869614.98,0.6791,35.2379,19,top_500
"DIABETES MELLITUS TIPO 2, CON COMA",27050,725520693.18,0.5739,35.8118,20,top_500
"LEIOMIOMA DEL ÚTERO, SIN OTRA ESPECIFICACIÓN",26813,1974312666.95,0.5689,36.3807,21,top_500
COLECISTITIS AGUDA,25112,1705699417.77,0.5328,36.9135,22,top_500
TUMOR MALIGNO DEL PEZÓN Y ARÉOLA MAMARIA,25066,2433622077.82,0.5318,37.4453,23,top_500
"TRASTORNOS DE DISCOS INTERVERTEBRALES LUMBARES Y OTROS, CON MIELOPATÍA",24129,3817808623.57,0.5119,37.9572,24,top_500
ENFERMEDADES DE LA PULPA Y DE LOS TEJIDOS PERIAPICALES,23530,48791479.1,0.4992,38.4564,25,top_500
"PARTO ÚNICO ESPONTÁNEO, PRESENTACIÓN CEFÁLICA DE VÉRTICE",22064,698594867.75,0.4681,38.9245,26,top_500
CÁLCULO DEL URÉTER,20691,1440295598.33,0.439,39.3635,27,top_500
ESGUINCES Y TORCEDURAS DEL TOBILLO,19930,383390505.99,0.4229,39.7864,28,top_500
"INFECCIÓN DE VÍAS URINARIAS, SITIO NO ESPECIFICADO",19822,703486221.56,0.4206,40.207,29,top_500
"NACIDO VIVO, ÚNICO",18606,120988392.23,0.3948,40.6018,30,top_500
"APENDICITIS AGUDA, NO ESPECIFICADA",18181,1370731427.84,0.3857,40.9875,31,top_500
GASTRITIS AGUDA HEMORRÁGICA,17061,467246725.74,0.362,41.3495,32,top_500
INSUFICIENCIA VENOSA (CRÓNICA) (PERIFÉRICA),16608,1035893619.69,0.3524,41.7019,33,top_500
ASTIGMATISMO,16601,316691953.93,0.3522,42.0541,34,top_500
"HERNIA INGUINAL BILATERAL CON OBSTRUCCIÓN, SIN GANGRENA",16450,884603880.22,0.349,42.4031,35,top_500
HIPERPLASIA DE LA PRÓSTATA,14944,748785351.77,0.3171,42.7202,36,top_500
"TUMOR MALIGNO DE LA MAMA, PARTE NO ESPECIFICADA",14406,1658198973.76,0.3057,43.0259,37,top_500
HERNIA UMBILICAL SIN OBSTRUCCIÓN NI GANGRENA,14372,670771646.03,0.3049,43.3308,38,top_500
LUMBAGO NO ESPECIFICADO,13986,1024708524.81,0.2967,43.6275,39,top_500
CONTUSIÓN DE LA RODILLA,13932,747110922.03,0.2956,43.9231,40,top_500
DIARREA Y GASTROENTERITIS DE PRESUNTO ORIGEN INFECCIOSO,13845,323091882.63,0.2938,44.2169,41,top_500
"PARTO ÚNICO ESPONTÁNEO, SIN OTRA ESPECIFICACIÓN",13588,434512060.25,0.2883,44.5052,42,top_500
CÁLCULO DEL RIÑÓN CON CÁLCULO DEL URÉTER,12950,1039447375.5,0.2748,44.78,43,top_500
TUMOR DE COMPORTAMIENTO INCIERTO O DESCONOCIDO DEL OVARIO,12837,808015098.63,0.2724,45.0524,44,top_500
TUMOR DE COMPORTAMIENTO INCIERTO O DESCONOCIDO DE LA MAMA,12791,684787617.18,0.2714,45.3238,45,top_500
OTROS TRASTORNOS DE LOS MENISCOS,12686,854873559.75,0.2692,45.593,46,top_500
OTROS QUISTES OVÁRICOS Y LOS NO ESPECIFICADOS,12573,715323993.5600001,0.2668,45.8598,47,top_500
EPILEPSIA Y SÍNDROMES EPILÉPTICOS IDIOPÁTICOS RELACIONADOS CON LOCALIZACIONES (FOCALES)(PARCIALES) Y CON ATAQUES DE INICIO LOCALIZADO,12478,284419032.02,0.2647,46.1245,48,top_500
FRACTURA DE LA RÓTULA,12431,800980048.48,0.2637,46.3882,49,top_500
HIPERMETROPÍA,12402,369865964.37,0.2631,46.6513,50,top_500
OTRAS ENFERMEDADES INFECCIOSAS Y LAS NO ESPECIFICADAS,12398,136071955.77,0.263,46.9143,51,top_500
ESGUINCES Y TORCEDURAS QUE COMPROMETEN EL LIGAMENTO CRUZADO (ANTERIOR) (POSTERIOR) DE LA RODILLA,12063,1241919820.12,0.2559,47.1702,52,top_500
HEMORROIDES INTERNAS TROMBOSADAS,12048,432941953.2,0.2556,47.4258,53,top_500
PARTO UNICO POR CESAREA,11900,419929958.73,0.2525,47.6783,54,top_500
CONSULTA PARA ATENCIÓN Y SUPERVISIÓN DE LA SALUD DE OTROS NIÑOS O LACTANTES SANOS,11741,57481914.82,0.2491,47.9274,55,top_500
"DESGARRO DE MENISCOS, PRESENTE",11562,950687469.65,0.2453,48.1727,56,top_500
PRUEBA Y AJUSTE DE ANTEOJOS Y LENTES DE CONTACTO,11505,54658464.44,0.2441,48.4168,57,top_500
MIOPÍA,11446,247407055.66,0.2429,48.6597,58,top_500
OTROS TRASTORNOS INTERNOS DE LA RODILLA,11318,955950779.13,0.2401,48.8998,59,top_500
OTROS RECIÉN NACIDOS PRETÉRMINO,11200,1835523410.27,0.2376,49.1374,60,top_500
PRESENCIA DE ANTEOJOS Y LENTES DE CONTACTO,11087,75325239.25,0.2352,49.3726,61,top_500
OTRAS CONSULTAS ESPECIFICADAS,11067,120158482.17999999,0.2348,49.6074,62,top_500
VÁRICES ESCROTALES,10681,375859910.66,0.2266,49.834,63,top_500
"HERNIA INGUINAL UNILATERAL O NO ESPECIFICADA, SIN OBSTRUCCIÓN NI GANGRENA",10644,604782709.17,0.2258,50.0598,64,top_500
"HERNIA UMBILICAL CON OBSTRUCCIÓN, SIN GANGRENA",10588,360472900.98,0.2246,50.2844,65,top_500
EXAMEN DE LABORATORIO,10145,34795702.63,0.2152,50.4996,66,top_500
EMBARAZO ABDOMINAL,10090,328043942.63,0.2141,50.7137,67,top_500
DIENTES INCLUIDOS E IMPACTADOS,9933,34405827.57,0.2107,50.9244,68,top_500
FRACTURA DE LOS HUESOS DE LA NARIZ,9705,415962048.41,0.2059,51.1303,69,top_500
"INFECCIÓN DEBIDA A CORONAVIRUS, DE SITIO NO ESPECIFICADO",9416,753803600.18,0.1998,51.3301,70,top_500
TRAUMATISMO DE ESTRUCTURAS MÚLTIPLES DE LA RODILLA,9396,828675917.17,0.1994,51.5295,71,top_500
CARDIOMIOPATÍA ISQUÉMICA,9274,722800246.41,0.1968,51.7263,72,top_500
FRACTURA DE LA CLAVÍCULA,9225,613816536.09,0.1957,51.922,73,top_500
LUXACIÓN DE LA ARTICULACIÓN DEL TOBILLO,9157,214044682.83,0.1943,52.1163,74,top_500
INFARTO TRANSMURAL AGUDO DEL MIOCARDIO DE LA PARED ANTERIOR,9012,697167180.19,0.1912,52.3075,75,top_500
"CONSULTA, NO ESPECIFICADA",8925,69078787.4,0.1894,52.4969,76,top_500
OTRAS RINITIS ALÉRGICAS,8918,109904824.56,0.1892,52.6861,77,top_500
RINITIS VASOMOTORA,8910,75595917.24,0.189,52.8751,78,top_500
CÁLCULO DE LA VESÍCULA BILIAR CON OTRA COLECISTITIS,8769,528823359.64,0.1861,53.0612,79,top_500
COLECISTITIS CRÓNICA,8768,456061847.66,0.186,53.2472,80,top_500
"PREPUCIO REDUNDANTE, FIMOSIS Y PARAFIMOSIS",8708,164317237.48,0.1848,53.432,81,top_500
"GASTRITIS, NO ESPECIFICADA",8565,254687271.14,0.1817,53.6137,82,top_500
ANGINA INESTABLE,8481,759720394.95,0.1799,53.7936,83,top_500
OTROS TRASTORNOS ESPECIFICADOS DE LA NARIZ Y DE LOS SENOS PARANASALES,8478,419725930.5,0.1799,53.9735,84,top_500
OTRAS GASTRITIS AGUDAS,8477,265606848.71,0.1799,54.1534,85,top_500
CATARATA SENIL INCIPIENTE,8469,238174577.57,0.1797,54.3331,86,top_500
OTROS TRASTORNOS DE LA REFRACCIÓN,8449,224581327.54,0.1793,54.5124,87,top_500
"ARTRITIS REUMATOIDE, NO ESPECIFICADA",8323,362727279.09,0.1766,54.689,88,top_500
QUISTE FOLICULAR DEL OVARIO,8298,374465423.94,0.1761,54.8651,89,top_500
"HERNIA INGUINAL BILATERAL, SIN OBSTRUCCIÓN NI GANGRENA",8045,540058421.42,0.1707,55.0358,90,top_500
FRACTURA DE LA EPÍFISIS INFERIOR DEL RADIO,7840,430352211.73,0.1663,55.2021,91,top_500
"TRAUMATISMO, NO ESPECIFICADO",7840,719157920.03,0.1663,55.3684,92,top_500
"RINITIS ALÉRGICA, NO ESPECIFICADA",7775,74275847.38,0.165,55.5334,93,top_500
INSUFICIENCIA RENAL TERMINAL,7772,588155009.26,0.1649,55.6983,94,top_500
"DIABETES MELLITUS NO ESPECIFICADA, CON COMA",7746,276627284.09,0.1643,55.8626,95,top_500
SUFRIMIENTO MATERNO DURANTE EL TRABAJO DE PARTO Y EL PARTO,7520,266173566.82999998,0.1596,56.0222,96,top_500
ENFERMEDAD DIVERTICULAR DEL INTESTINO DELGADO CON PERFORACIÓN Y ABSCESO,7502,487685527.57,0.1592,56.1814,97,top_500
LEIOMIOMA DEL UTERO,7149,415278355.84,0.1517,56.3331,98,top_500
FRACTURA DE OTRO DEDO DE LA MANO,7085,279223487.19,0.1503,56.4834,99,top_500
"TRASTORNO INTERNO DE LA RODILLA, NO ESPECIFICADO",7073,644671640.79,0.1501,56.6335,100,top_500
AMIGDALITIS CRÓNICA,7063,263458234.60999998,0.1499,56.7834,101,top_500
ENFERMEDAD DEL REFLUJO GASTROESOFÁGICO SIN ESOFAGITIS,7004,294233723.97,0.1486,56.932,102,top_500
"NEUMONÍA, NO ESPECIFICADA",6908,781924124.03,0.1466,57.0786,103,top_500
"HIPOTIROIDISMO, NO ESPECIFICADO",6846,53244613.9,0.1453,57.2239,104,top_500
HERNIA DIAFRAGMÁTICA SIN OBSTRUCCIÓN NI GANGRENA,6844,469527662.8,0.1452,57.3691,105,top_500
PTERIGIÓN,6775,155931011.62,0.1437,57.5128,106,top_500
"TRAUMATISMOS SUPERFICIALES MÚLTIPLES, NO ESPECIFICADOS",6773,446605422.66,0.1437,57.6565,107,top_500
FRACTURA DE LA DIÁFISIS DEL RADIO,6755,350447214.22,0.1433,57.7998,108,top_500
"DIABETES MELLITUS TIPO 1, CON COMA",6744,146352028.17,0.1431,57.9429,109,top_500
TRASTORNO INTERNO DE LA RODILLA,6740,584533489.61,0.143,58.0859,110,top_500
TUMOR MALIGNO DE LA GLÁNDULA TIROIDES,6709,403873933.97,0.1423,58.2282,111,top_500
OTRAS GASTRITIS,6676,167625800.09,0.1416,58.3698,112,top_500
"CATARATA INFANTIL, JUVENIL Y PRESENIL",6670,280425146.08,0.1415,58.5113,113,top_500
OTRAS LESIONES DEL HOMBRO,6509,599795193.25,0.1381,58.6494,114,top_500
APENDICITIS AGUDA,6405,419664798.42,0.1359,58.7853,115,top_500
FRACTURA DEL HUESO ESCAFOIDES [NAVICULAR] DE LA MANO,6344,270031190.01,0.1346,58.9199,116,top_500
ASMA PREDOMINANTEMENTE ALÉRGICA,6295,126549763.53,0.1336,59.0535,117,top_500
OTROS TRASTORNOS DE LA NARIZ Y DE LOS SENOS PARANASALES,6236,249527643.73,0.1323,59.1858,118,top_500
PÓLIPO DEL CUERPO DEL ÚTERO,6146,236727504.44,0.1304,59.3162,119,top_500
ESGUINCES Y TORCEDURAS DE LA COLUMNA CERVICAL,6135,120611777.67,0.1302,59.4464,120,top_500
SÍNDROME DEL MANGUITO ROTATORIO,6134,520036534.27,0.1301,59.5765,121,top_500
"TRASTORNOS DEL METABOLISMO DE LAS PROTEÍNAS PLASMÁTICAS, NO CLASIFICADOS EN OTRA PARTE",6105,129822129.27,0.1295,59.706,122,top_500
TRASTORNO DE DISCO CERVICAL CON RADICULOPATÍA,6095,874327664.96,0.1293,59.8353,123,top_500
"HERIDA DE DEDO(S) DE LA MANO, SIN DAÑO DE LA(S) UÑA(S)",6053,99666993.27,0.1284,59.9637,124,top_500
ESCLEROSIS MÚLTIPLE,6051,894226217.59,0.1284,60.0921,125,top_500
TUMOR MALIGNO DE LA PRÓSTATA,6045,662446235.05,0.1283,60.2204,126,top_500
"ABSCESO, FURÚNCULO Y CARBUNCO DE LA NARIZ",6012,169220515.18,0.1276,60.348,127,top_500
FRACTURA DE LA EPÍFISIS SUPERIOR DEL CÚBITO,5972,349104996.6,0.1267,60.4747,128,top_500
ENDOMETRIOSIS DEL ÚTERO,5932,345340641.57,0.1259,60.6006,129,top_500
SÍNDROME DEL COLON IRRITABLE SIN DIARREA,5898,80340163.35,0.1251,60.7257,130,top_500
LUXACIÓN DE LA ARTICULACIÓN DEL HOMBRO,5800,357367651.42,0.1231,60.8488,131,top_500
"OTRAS NEUMONÍAS, DE MICROORGANISMO NO ESPECIFICADO",5685,563599023.97,0.1206,60.9694,132,top_500
TROMBOSIS CORONARIA QUE NO RESULTA EN INFARTO DEL MIOCARDIO,5660,466847888.16,0.1201,61.0895,133,top_500
QUERATOCONO,5655,199295173.47,0.12,61.2095,134,top_500
CARCINOMA IN SITU LOBULAR,5604,289881291.44,0.1189,61.3284,135,top_500
TRAUMATISMO DEL TENDÓN DE AQUILES,5472,276028662.01,0.1161,61.4445,136,top_500
MIGRAÑA SIN AURA [MIGRAÑA COMÚN],5416,97627996.67,0.1149,61.5594,137,top_500
"DIABETES MELLITUS TIPO 2, SIN MENCIÓN DE COMPLICACIÓN",5384,127891969.66,0.1142,61.6736,138,top_500
HIPERTROFIA DE LAS AMÍGDALAS CON HIPERTROFIA DE LAS ADENOIDES,5302,235116611.11,0.1125,61.7861,139,top_500
"GONARTROSIS PRIMARIA, BILATERAL",5264,357941419.13,0.1117,61.8978,140,top_500
CAPSULITIS ADHESIVA DEL HOMBRO,5248,258550956.78,0.1113,62.0091,141,top_500
LUXACIÓN DE LA RÓTULA,5246,285371725.71,0.1113,62.1204,142,top_500
"CATARATA, NO ESPECIFICADA",5175,242048493.21,0.1098,62.2302,143,top_500
ATRICIÓN EXCESIVA DE LOS DIENTES,5140,36286187.48,0.1091,62.3393,144,top_500
OTROS TRASTORNOS DEL DESARROLLO Y CRECIMIENTO ÓSEO,5077,221097335.27,0.1077,62.447,145,top_500
EXAMEN DE OJOS Y DE LA VISIÓN,5038,13300476.97,0.1069,62.5539,146,top_500
LEUCEMIA LINFOBLÁSTICA AGUDA [LLA],5028,945534796.3,0.1067,62.6606,147,top_500
CAMBIOS POSTERUPTIVOS DEL COLOR DE LOS TEJIDOS DENTALES DUROS,5000,10183608.57,0.1061,62.7667,148,top_500
HALLUX VALGUS (ADQUIRIDO),4906,302891845.79,0.1041,62.8708,149,top_500
"TRASTORNO DE DISCO LUMBAR Y OTROS, CON RADICULOPATIA",4851,650082117.63,0.1029,62.9737,150,top_500
TUMOR MALIGNO DEL CIEGO,4842,576816165.49,0.1027,63.0764,151,top_500
TRAUMATISMOS SUPERFICIALES QUE AFECTAN LA CABEZA CON EL CUELLO,4809,211954090.56,0.102,63.1784,152,top_500
ALERGIA NO ESPECIFICADA,4753,52050401.1,0.1008,63.2792,153,top_500
DIABETES MELLITUS NO INSULINODEPENDIENTE CON COMA,4690,212332424.04,0.0995,63.3787,154,top_500
FRACTURA DE LA DIÁFISIS DEL CÚBITO Y DEL RADIO,4560,254957175.66,0.0967,63.4754,155,top_500
ABSCESO ANAL,4557,187393321.1,0.0967,63.5721,156,top_500
NEFRITIS TUBULOINTERSTICIAL AGUDA,4501,203244918.71,0.0955,63.6676,157,top_500
FÍSTULA ANAL,4448,160560654.11,0.0944,63.762,158,top_500
DIABETES MELLITUS TIPO 2,4433,117280089.79,0.0941,63.8561,159,top_500
FRACTURA DE LA DIÁFISIS DE LA TIBIA,4405,313586183.11,0.0935,63.9496,160,top_500
CATARATA SENIL,4389,176111706.77,0.0931,64.0427,161,top_500
FRACTURA DEL PERONÉ SOLAMENTE,4372,230782174.68,0.0928,64.1355,162,top_500
PANCREATITIS IDIOPÁTICA AGUDA,4336,424081296.81,0.092,64.2275,163,top_500
TUMOR MALIGNO DE LA MAMA,4278,477852280.5,0.0908,64.3183,164,top_500
CALCULO DEL RIÑON Y DEL URETER,4247,399845091.19,0.0901,64.4084,165,top_500
LEIOMIOMA INTRAMURAL DEL ÚTERO,4243,255936515.64,0.09,64.4984,166,top_500
OTRA RUPTURA ESPONTÁNEA DEL (DE LOS) LIGAMENTO(S) DE LA RODILLA,4225,420663819.8,0.0896,64.588,167,top_500
TRASTORNO RELACIONADO CON EL VAPEO (VAPING),4223,1013077690.55,0.0896,64.6776,168,top_500
ESGUINCES Y TORCEDURAS DE OTRAS PARTES Y LAS NO ESPECIFICADAS DE LA RODILLA,4204,209332355.01,0.0892,64.7668,169,top_500
TUMOR MALIGNO DEL OVARIO,4195,484062178.1,0.089,64.8558,170,top_500
TUMOR DE COMPORTAMIENTO INCIERTO O DESCONOCIDO DE LA GLÁNDULA TIROIDES,4176,254239285.43,0.0886,64.9444,171,top_500
ABORTO RETENIDO,4154,84586163.47,0.0881,65.0325,172,top_500
OTROS TRAUMATISMOS ESPECIFICADOS QUE AFECTAN MÚLTIPLES REGIONES DEL CUERPO,4151,313045535.06,0.0881,65.1206,173,top_500
SÍNDROME DEL COLON IRRITABLE CON DIARREA,4089,48035177.12,0.0868,65.2074,174,top_500
"DIABETES MELLITUS TIPO 1, SIN MENCIÓN DE COMPLICACIÓN",4087,122863237.56,0.0867,65.2941,175,top_500
HIPERPLASIA DE GLÁNDULA DEL ENDOMETRIO,4080,174786559.51,0.0866,65.3807,176,top_500
"INFARTO AGUDO DEL MIOCARDIO, SIN OTRA ESPECIFICACIÓN",4034,569847596.49,0.0856,65.4663,177,top_500
FRACTURA DE OTROS HUESOS METACARPIANOS,4026,231104866.09,0.0854,65.5517,178,top_500
"BRONQUITIS AGUDA, NO ESPECIFICADA",4007,177977974.99,0.085,65.6367,179,top_500
TUMOR DE COMPORTAMIENTO INCIERTO O DESCONOCIDO DEL TESTÍCULO,3990,229795548.74,0.0847,65.7214,180,top_500
PAPILOMAVIRUS COMO CAUSA DE ENFERMEDADES CLASIFICADAS EN OTROS CAPÍTULOS,3971,67636223.32,0.0843,65.8057,181,top_500
FRACTURA DE HUESO DEL METATARSO,3963,168243451.96,0.0841,65.8898,182,top_500
TRASTORNO DE DISCO CERVICAL CON MIELOPATÍA,3944,546613625.32,0.0837,65.9735,183,top_500
OTROS TRASTORNOS ESPECIFICADOS DE LOS DISCOS INTERVERTEBRALES,3939,576529965.73,0.0836,66.0571,184,top_500
"CARCINOMA IN SITU DE LA MAMA, PARTE NO ESPECIFICADA",3929,354963333.54,0.0834,66.1405,185,top_500
ESGUINCES Y TORCEDURAS DE LA COLUMNA LUMBAR,3919,209148421.86,0.0831,66.2236,186,top_500
CÁLCULO DE CONDUCTO BILIAR CON COLECISTITIS,3909,289480869.15,0.0829,66.3065,187,top_500
SÍNDROME DE DIFICULTAD RESPIRATORIA DEL RECIÉN NACIDO,3891,513447366.19,0.0826,66.3891,188,top_500
SÍNDROME DEL TÚNEL CARPIANO,3877,139457613.91,0.0823,66.4714,189,top_500
FIBROADENOSIS DE MAMA,3869,103231866.02,0.0821,66.5535,190,top_500
"HEMORROIDES NO ESPECIFICADAS, SIN COMPLICACIÓN",3856,153721797.61,0.0818,66.6353,191,top_500
OTROS TRASTORNOS ESPECIFICADOS DEL METABOLISMO,3815,88192798.7,0.0809,66.7162,192,top_500
CERVICALGIA,3813,212794427.67,0.0809,66.7971,193,top_500
"BRONCONEUMONÍA, NO ESPECIFICADA",3803,265704037.11,0.0807,66.8778,194,top_500
RINOFARINGITIS AGUDA [RESFRIADO COMÚN],3799,17881839.72,0.0806,66.9584,195,top_500
"COLECISTITIS, NO ESPECIFICADA",3795,265209050.25,0.0805,67.0389,196,top_500
"EVENTO NO ESPECIFICADO, DE INTENCIÓN NO DETERMINADA, VIVIENDA",3786,23394018.12,0.0803,67.1192,197,top_500
MIELOMA MÚLTIPLE,3778,886210069.61,0.0802,67.1994,198,top_500
LUPUS ERITEMATOSO DISCOIDE,3774,146980438.62,0.0801,67.2795,199,top_500
PUBERTAD PRECOZ,3753,81153528.38,0.0796,67.3591,200,top_500
FRACTURA DE LOS HUESOS DE OTRO(S) DEDO(S) DEL PIE,3750,89516558.32,0.0796,67.4387,201,top_500
ESOFAGITIS,3729,125200589.74,0.0791,67.5178,202,top_500
APENDICITIS AGUDA CON ABSCESO PERITONEAL,3719,296853530.18,0.0789,67.5967,203,top_500
CONTUSIÓN DEL HOMBRO Y DEL BRAZO,3716,199020077.54,0.0788,67.6755,204,top_500
CONCUSIÓN,3682,167609160.29,0.0781,67.7536,205,top_500
"CAÍDA EN EL MISMO NIVEL POR DESLIZAMIENTO, TROPEZÓN Y TRASPIÉ, VIVIENDA",3629,258958095.02,0.077,67.8306,206,top_500
FRACTURA DE LA EPÍFISIS INFERIOR DEL HÚMERO,3624,168473253.49,0.0769,67.9075,207,top_500
ENFERMEDAD DEL REFLUJO GASTROESOFAGICO,3599,117507559.18,0.0764,67.9839,208,top_500
COLELITIASIS,3591,241703406.15,0.0762,68.0601,209,top_500
EXAMEN PARA FINES DE SEGUROS,3569,45643869.34,0.0757,68.1358,210,top_500
"ESTADO DE EMBARAZO, INCIDENTAL",3538,91094613.42,0.0751,68.2109,211,top_500
NEUMONÍA DEBIDA A ADENOVIRUS,3500,336307562.89,0.0743,68.2852,212,top_500
HIPERTROFIA DE LOS CORNETES NASALES,3479,113217488.57,0.0738,68.359,213,top_500
FRACTURA DEL CALCÁNEO,3469,158922591.09,0.0736,68.4326,214,top_500
GINGIVITIS Y ENFERMEDADES PERIODONTALES,3441,6575647.09,0.073,68.5056,215,top_500
TRAUMATISMO DEL MÚSCULO(S) Y TENDÓN(ES) DEL MANGUITO ROTATORIO DEL HOMBRO,3430,278118631.27,0.0728,68.5784,216,top_500
"ENFERMEDAD RENAL CRÓNICA, NO ESPECIFICADA",3425,314585821.27,0.0727,68.6511,217,top_500
FIEBRE DEL DENGUE [DENGUE CLÁSICO],3413,107890419.32,0.0724,68.7235,218,top_500
"CATARATA SENIL, NO ESPECIFICADA",3407,171047809.8,0.0723,68.7958,219,top_500
TUMOR DE COMPORTAMIENTO INCIERTO O DESCONOCIDO DEL RIÑÓN,3401,481716058.22,0.0722,68.868,220,top_500
FRACTURA DE LA DIÁFISIS DEL HÚMERO,3388,227228199.65,0.0719,68.9399,221,top_500
TUMOR BENIGNO DEL OVARIO,3365,144855495.87,0.0714,69.0113,222,top_500
"EPILEPSIA, TIPO NO ESPECIFICADO",3361,157703991.54999998,0.0713,69.0826,223,top_500
COLITIS Y GASTROENTERITIS DEBIDAS A RADIACIÓN,3356,61626953.2,0.0712,69.1538,224,top_500
PANCOLITIS ULCERATIVA (CRÓNICA),3356,114247652.02,0.0712,69.225,225,top_500
SOSPECHA DE GLAUCOMA,3346,35772108.1,0.071,69.296,226,top_500
ENDOMETRIOSIS DEL OVARIO,3337,169167662.5,0.0708,69.3668,227,top_500
"HEMORROIDES NO ESPECIFICADAS, CON OTRAS COMPLICACIONES",3334,135631199.43,0.0707,69.4375,228,top_500
QUISTE EN DESARROLLO DEL OVARIO,3332,130831724.32,0.0707,69.5082,229,top_500
"OSTEOPOROSIS POSTMENOPÁUSICA, SIN FRACTURA PATOLÓGICA",3317,44558945.589999996,0.0704,69.5786,230,top_500
ARTRITIS REUMATOIDE SERONEGATIVA,3311,162468893.46,0.0702,69.6488,231,top_500
"CÁLCULO URINARIO, NO ESPECIFICADO",3307,270204875.12,0.0702,69.719,232,top_500
LUMBAGO CON CIÁTICA,3294,259084012.44,0.0699,69.7889,233,top_500
DISPLASIA CERVICAL LEVE,3286,69688339.92,0.0697,69.8586,234,top_500
HIPERCOLESTEROLEMIA PURA,3279,36697331.41,0.0696,69.9282,235,top_500
HEMORROIDES INTERNAS CON OTRAS COMPLICACIONES,3277,136594343.36,0.0695,69.9977,236,top_500
OTRAS COLECISTITIS,3269,249619084.78,0.0694,70.0671,237,top_500
"GASTRITIS CRÓNICA, NO ESPECIFICADA",3259,67466198.26,0.0691,70.1362,238,top_500
SÍNDROME DE OVARIO POLIQUÍSTICO,3249,39658123.520000026,0.0689,70.2051,239,top_500
HERIDA DE OTRAS PARTES DE LA CABEZA,3228,38189115.33,0.0685,70.2736,240,top_500
"ATENCIÓN MÉDICA, NO ESPECIFICADA",3197,67316974.84,0.0678,70.3414,241,top_500
"COXARTROSIS PRIMARIA, BILATERAL",3192,283362676.45,0.0677,70.4091,242,top_500
SINUSITIS MAXILAR CRÓNICA,3184,121521483.59,0.0676,70.4767,243,top_500
CÁLCULO DE LA VESÍCULA BILIAR SIN COLECISTITIS,3161,182708712.09,0.0671,70.5438,244,top_500
LUXACIÓN DE LA ARTICULACIÓN ACROMIOCLAVICULAR,3139,241414978.91,0.0666,70.6104,245,top_500
HERIDA DEL CUERO CABELLUDO,3129,35559875.04,0.0664,70.6768,246,top_500
NEUMONÍA DEBIDA A OTROS VIRUS,3121,309781023.32,0.0662,70.743,247,top_500
ENFERMEDAD DIVERTICULAR DEL INTESTINO GRUESO SIN PERFORACIÓN NI ABSCESO,3114,155948711.6,0.0661,70.8091,248,top_500
"COVID-19, VIRUS NO IDENTIFICADO",3107,215611639.61,0.0659,70.875,249,top_500
OTROS TRASTORNOS DE LOS DISCOS INTERVERTEBRALES,3100,554891975.88,0.0658,70.9408,250,top_500
"HERNIA INGUINAL UNILATERAL O NO ESPECIFICADA, CON OBSTRUCCIÓN, SIN GANGRENA",3035,164349324.0,0.0644,71.0052,251,top_500
QUISTE PILONIDAL CON ABSCESO,3031,114341319.86,0.0643,71.0695,252,top_500
"COLITIS ULCERATIVA, SIN OTRA ESPECIFICACIÓN",3028,132356674.77,0.0642,71.1337,253,top_500
BRONQUITIS AGUDA DEBIDA A MYCOPLASMA PNEUMONIAE,3006,76141088.32,0.0638,71.1975,254,top_500
TRAUMATISMO SUPERFICIAL DEL CUERO CABELLUDO,2988,44713634.42,0.0634,71.2609,255,top_500
LINFADENITIS MESENTÉRICA INESPECÍFICA,2983,77693152.77,0.0633,71.3242,256,top_500
FRACTURA DE LA EPÍFISIS SUPERIOR DEL RADIO,2982,159915038.3,0.0633,71.3875,257,top_500
TAQUIPNEA TRANSITORIA DEL RECIÉN NACIDO,2974,239098308.89000002,0.0631,71.4506,258,top_500
HIPERTROFIA DE LAS AMÍGDALAS,2971,123584026.75,0.063,71.5136,259,top_500
FARINGITIS ESTREPTOCÓCICA,2957,13056144.02,0.0627,71.5763,260,top_500
"MORDEDURA O ATAQUE DE PERRO, VIVIENDA",2941,76937713.21,0.0624,71.6387,261,top_500
OTROS DOLORES ABDOMINALES Y LOS NO ESPECIFICADOS,2940,181598099.15,0.0624,71.7011,262,top_500
HERNIA INGUINAL,2924,160250726.86,0.062,71.7631,263,top_500
HIPOTIROIDISMO CONGÉNITO CON BOCIO DIFUSO,2890,17791196.6,0.0613,71.8244,264,top_500
CONTUSIÓN DEL TOBILLO,2862,140887287.5,0.0607,71.8851,265,top_500
SÍNCOPE Y COLAPSO,2861,76860215.47,0.0607,71.9458,266,top_500
CARCINOMA IN SITU DE LA PRÓSTATA,2856,231859326.89,0.0606,72.0064,267,top_500
CONVULSIONES FEBRILES,2856,68844348.06,0.0606,72.067,268,top_500
OTROS DESPLAZAMIENTOS ESPECIFICADOS DE DISCO INTERVERTEBRAL,2818,397727281.73,0.0598,72.1268,269,top_500
OTRO PESO BAJO AL NACER,2814,566905672.44,0.0597,72.1865,270,top_500
"NEUMONÍA BACTERIANA, NO ESPECIFICADA",2790,247672182.68,0.0592,72.2457,271,top_500
PARTO UNICO ESPONTANEO,2785,81391998.34,0.0591,72.3048,272,top_500
HERNIA UMBILICAL,2781,106205470.96,0.059,72.3638,273,top_500
"COLITIS Y GASTROENTERITIS NO INFECCIOSAS, NO ESPECIFICADAS",2764,62223209.28,0.0586,72.4224,274,top_500
TUMOR MALIGNO DEL RECTO,2750,308227612.95,0.0583,72.4807,275,top_500
OTRAS ENFERMEDADES ESPECIFICADAS DE LA VESÍCULA BILIAR,2741,184318752.21,0.0582,72.5389,276,top_500
TAQUICARDIA SUPRAVENTRICULAR,2733,444211213.62,0.058,72.5969,277,top_500
FRACTURA DE LA EPÍFISIS INFERIOR DEL CÚBITO Y DEL RADIO,2702,159074292.1,0.0573,72.6542,278,top_500
"CONTUSIÓN DE DEDO(S) DE LA MANO, SIN DAÑO DE LA(S) UÑA(S)",2671,45696780.2,0.0567,72.7109,279,top_500
FRACTURA DE LA EPÍFISIS SUPERIOR DE LA TIBIA,2652,205086437.68,0.0563,72.7672,280,top_500
FRACTURA DEL CUELLO DE FÉMUR,2645,246284465.4,0.0561,72.8233,281,top_500
"ESPONDILITIS ANQUILOSANTE, SITIOS MÚLTIPLES DE LA COLUMNA VERTEBRAL",2634,127630656.78,0.0559,72.8792,282,top_500
"TRAUMATISMO DE LA CABEZA, NO ESPECIFICADO",2619,85875083.15,0.0556,72.9348,283,top_500
FIBRILACIÓN AURICULAR PAROXÍSTICA,2609,295476417.91,0.0554,72.9902,284,top_500
OTRAS COLITIS ULCERATIVAS,2598,92923348.23,0.0551,73.0453,285,top_500
ENFERMEDAD DE PARKINSON,2590,98812235.07,0.055,73.1003,286,top_500
ARTRITIS REUMATOIDE JUVENIL,2587,103133456.94,0.0549,73.1552,287,top_500
"TRASTORNO METABÓLICO, NO ESPECIFICADO",2584,58513016.42,0.0548,73.21,288,top_500
"TRAUMATISMOS MÚLTIPLES, NO ESPECIFICADOS",2553,203066782.38,0.0542,73.2642,289,top_500
"HERNIA DIAFRAGMÁTICA CON OBSTRUCCIÓN, SIN GANGRENA",2547,118833647.27,0.054,73.3182,290,top_500
"LESIÓN DEL HOMBRO, NO ESPECIFICADA",2531,245725480.89,0.0537,73.3719,291,top_500
FRACTURA DE LA EPÍFISIS SUPERIOR DEL HÚMERO,2483,156946084.02,0.0527,73.4246,292,top_500
CISTITIS AGUDA,2481,60562174.63,0.0526,73.4772,293,top_500
OTRAS COLELITIASIS,2481,186579411.07,0.0526,73.5298,294,top_500
"ÚLCERA GÁSTRICA, AGUDA CON HEMORRAGIA",2461,110529397.64,0.0522,73.582,295,top_500
DETENCIÓN DEL DESARROLLO DEL HUEVO Y MOLA NO HIDATIFORME,2461,44678979.99,0.0522,73.6342,296,top_500
"TUMOR MALIGNO DEL RIÑÓN, EXCEPTO DE LA PELVIS RENAL",2454,414156281.25,0.0521,73.6863,297,top_500
OTRAS AFECCIONES ESPECIFICADAS DE LOS DIENTES Y DE SUS ESTRUCTURAS DE SOSTÉN,2437,34159920.61,0.0517,73.738,298,top_500
CONSTIPACIÓN,2429,43637149.77,0.0515,73.7895,299,top_500
"HEMORRAGIA GASTROINTESTINAL, NO ESPECIFICADA",2421,158367645.18,0.0514,73.8409,300,top_500
ABDOMEN AGUDO,2415,125583806.79,0.0512,73.8921,301,top_500
"HERNIA INCISIONAL CON OBSTRUCCIÓN, SIN GANGRENA",2405,122464367.46,0.051,73.9431,302,top_500
HEMORROIDES INTERNAS SIN COMPLICACIÓN,2379,83408314.07,0.0505,73.9936,303,top_500
"OTRAS LESIONES ARTICULARES ESPECÍFICAS, NO CLASIFICADAS EN OTRA PARTE",2376,184483411.08,0.0504,74.044,304,top_500
TUMOR BENIGNO DE LA HIPÓFISIS,2376,227152883.59,0.0504,74.0944,305,top_500
CONTUSIÓN DEL CODO,2361,64706658.53,0.0501,74.1445,306,top_500
OBSTRUCCIÓN DE LA VESÍCULA BILIAR,2358,165663479.22,0.05,74.1945,307,top_500
NÓDULO TIROIDEO SOLITARIO NO TÓXICO,2327,100828724.07,0.0494,74.2439,308,top_500
TUMOR MALIGNO DE LA CABEZA DEL PÁNCREAS,2312,328530961.78000003,0.0491,74.293,309,top_500
OTRAS CONVULSIONES Y LAS NO ESPECIFICADAS,2306,86196078.83,0.0489,74.3419,310,top_500
ESGUINCE Y TORCEDURA DE LA MUÑECA,2284,35632838.55,0.0485,74.3904,311,top_500
"NEUMONÍA VIRAL, NO ESPECIFICADA",2272,239284138.59,0.0482,74.4386,312,top_500
OTRAS COLITIS Y GASTROENTERITIS NO INFECCIOSAS ESPECIFICADAS,2269,59052658.22,0.0481,74.4867,313,top_500
"TUMOR BENIGNO LIPOMATOSO DE PIEL Y DE TEJIDO SUBCUTÁNEO DE CABEZA, CARA Y CUELLO",2257,66899987.81,0.0479,74.5346,314,top_500
PROSTATITIS AGUDA,2238,79543045.47,0.0475,74.5821,315,top_500
CONTUSIÓN DE LA REGIÓN LUMBOSACRA Y DE LA PELVIS,2227,146017554.55,0.0473,74.6294,316,top_500
OTROS PROCEDIMIENTOS PARA OTROS PROPÓSITOS QUE NO SEAN LOS DE MEJORAR EL ESTADO DE SALUD,2219,249191354.93,0.0471,74.6765,317,top_500
TRAUMATISMOS SUPERFICIALES QUE AFECTAN MULTIPLES REGIONES DEL CUERPO,2212,124706292.17,0.0469,74.7234,318,top_500
OTROS PARTOS ÚNICOS POR CESÁREA,2202,71633392.46,0.0467,74.7701,319,top_500
DIABETES MELLITUS TIPO 1,2198,53740740.36,0.0466,74.8167,320,top_500
"FRACTURA DE LA PIERNA, INCLUSIVE DEL TOBILLO",2187,170562447.63,0.0464,74.8631,321,top_500
FRACTURA DE OTRAS PARTES DE LA PIERNA,2186,198274417.72,0.0464,74.9095,322,top_500
HIPERPLASIA ADENOMATOSA DEL ENDOMETRIO,2181,98467830.25,0.0463,74.9558,323,top_500
HEMORROIDES,2170,79212151.26,0.046,75.0018,324,top_500
"OTROS TRAUMATISMOS DE LA CABEZA, ESPECIFICADOS",2166,72083739.62,0.046,75.0478,325,top_500
RUPTURA ESPONTÁNEA DE OTROS TENDONES,2164,134080774.06,0.0459,75.0937,326,top_500
TUMOR BENIGNO DE LA MAMA,2157,65768411.08,0.0458,75.1395,327,top_500
FISURA ANAL AGUDA,2141,67450708.28,0.0454,75.1849,328,top_500
LESIONES DEL HOMBRO,2134,197789149.56,0.0453,75.2302,329,top_500
"LUPUS ERITEMATOSO SISTÉMICO, SIN OTRA ESPECIFICACIÓN",2129,166971465.76,0.0452,75.2754,330,top_500
PSORIASIS VULGAR,2119,130074587.05,0.045,75.3204,331,top_500
"ENFERMEDAD CARDIOVASCULAR ATEROSCLERÓTICA, ASÍ DESCRITA",2118,166011643.17,0.0449,75.3653,332,top_500
NEUMONÍA DEBIDA A VIRUS SINCITIAL RESPIRATORIO,2113,146640786.24,0.0448,75.4101,333,top_500
"TUMOR MALIGNO, DE SITIO PRIMARIO DESCONOCIDO, ASÍ DESCRITO",2110,241207626.65,0.0448,75.4549,334,top_500
RUPTURA DE LIGAMENTOS A NIVEL DEL TOBILLO Y DEL PIE,2102,175105762.38,0.0446,75.4995,335,top_500
OTROS TRASTORNOS ESPECIFICADOS DE LA GLÁNDULA TIROIDES,2099,58151018.55,0.0445,75.544,336,top_500
DESPRENDIMIENTO DE LA RETINA CON RUPTURA,2096,67904855.67,0.0445,75.5885,337,top_500
FRACTURA DEL MALÉOLO EXTERNO,2088,123379086.17999999,0.0443,75.6328,338,top_500
TUMOR DE COMPORTAMIENTO INCIERTO O DESCONOCIDO DEL HUESO Y CARTÍLAGO ARTICULAR,2086,199665762.25,0.0443,75.6771,339,top_500
GANGLIÓN,2079,61766601.89,0.0441,75.7212,340,top_500
"ASMA, NO ESPECIFICADO",2077,68419617.9,0.0441,75.7653,341,top_500
ENFERMEDAD DIVERTICULAR DEL INTESTINO,2067,129170646.99,0.0439,75.8092,342,top_500
OTROS TRASTORNOS DE LOS DIENTES Y DE SUS ESTRUCTURAS DE SOSTEN,2066,3000095.49,0.0438,75.853,343,top_500
"GASTRODUODENITIS, NO ESPECIFICADA",2057,53464535.07,0.0436,75.8966,344,top_500
PÓLIPOS INFLAMATORIOS,2045,53078034.54,0.0434,75.94,345,top_500
"OTROS TRASTORNOS DEL SISTEMA CIRCULATORIO CONSECUTIVOS A PROCEDIMIENTOS, NO CLASIFICADOS EN OTRA PARTE",2038,25091565.55,0.0432,75.9832,346,top_500
TUMOR DE COMPORTAMIENTO INCIERTO O DESCONOCIDO DEL COLON,2031,240034835.43,0.0431,76.0263,347,top_500
"LUPUS ERITEMATOSO SISTÉMICO, INDUCIDO POR DROGAS",2020,68327517.31,0.0429,76.0692,348,top_500
OTRAS GONARTROSIS PRIMARIAS,2015,218967573.41,0.0428,76.112,349,top_500
GONARTROSIS [ARTROSIS DE LA RODILLA],2014,187485512.18,0.0427,76.1547,350,top_500
EMBOLIA Y TROMBOSIS DE OTRAS VENAS ESPECIFICADAS,1986,170427041.07,0.0421,76.1968,351,top_500
COLECISTITIS,1983,140246562.83,0.0421,76.2389,352,top_500
TUMOR BENIGNO DE OTROS ÓRGANOS GENITALES MASCULINOS,1982,109452010.36,0.0421,76.281,353,top_500
"TUMOR DE COMPORTAMIENTO INCIERTO O DESCONOCIDO DEL ENCÉFALO, PARTE NO ESPECIFICADA",1980,444341763.61,0.042,76.323,354,top_500
VÉRTIGO PAROXÍSTICO BENIGNO,1972,32667129.53,0.0418,76.3648,355,top_500
INFARTO AGUDO DEL MIOCARDIO,1959,232228990.74,0.0416,76.4064,356,top_500
GASTROENTERITIS Y COLITIS DE ORIGEN NO ESPECIFICADO,1958,18156040.49,0.0415,76.4479,357,top_500
TIROTOXICOSIS CON BOCIO DIFUSO,1955,24690735.89,0.0415,76.4894,358,top_500
GASTRITIS Y DUODENITIS,1940,53414687.81,0.0412,76.5306,359,top_500
"GONARTROSIS, NO ESPECIFICADA",1930,206000991.11,0.0409,76.5715,360,top_500
DEGENERACIÓN DE LA MÁCULA Y DEL POLO POSTERIOR DEL OJO,1921,70325151.37,0.0408,76.6123,361,top_500
CONDROMALACIA DE LA RÓTULA,1921,76501836.69,0.0408,76.6531,362,top_500
"PARTO ÚNICO ASISTIDO, SIN OTRA ESPECIFICACIÓN",1919,52257217.44,0.0407,76.6938,363,top_500
SINUSITIS MAXILAR AGUDA,1914,52479635.09,0.0406,76.7344,364,top_500
OTRAS HERNIAS VENTRALES Y LAS NO ESPECIFICADAS SIN OBSTRUCCIÓN O GANGRENA,1903,121114760.16,0.0404,76.7748,365,top_500
ESGUINCES Y TORCEDURAS DE DEDO(S) DE LA MANO,1902,18611431.31,0.0404,76.8152,366,top_500
CONTUSIÓN DE OTRAS PARTES DE LA MUÑECA Y DE LA MANO,1895,58997439.92,0.0402,76.8554,367,top_500
RADICULOPATÍA,1887,250590707.94,0.04,76.8954,368,top_500
HIPERLIPIDEMIA MIXTA,1885,28934858.85,0.04,76.9354,369,top_500
FÍSTULA ANORRECTAL,1874,63996260.65,0.0398,76.9752,370,top_500
OTROS TRASTORNOS METABOLICOS,1873,71716863.98,0.0397,77.0149,371,top_500
INSUFICIENCIA CARDÍACA CONGESTIVA,1863,196973598.33,0.0395,77.0544,372,top_500
TUMOR DE COMPORTAMIENTO INCIERTO O DESCONOCIDO DE LA VEJIGA,1862,151576281.25,0.0395,77.0939,373,top_500
ENFERMEDAD DIVERTICULAR DEL INTESTINO GRUESO CON PERFORACIÓN Y ABSCESO,1855,230059039.42,0.0394,77.1333,374,top_500
CONSULTA PARA REPETICIÓN DE RECETA,1854,16504145.59,0.0393,77.1726,375,top_500
ESGUINCES Y TORCEDURAS DE LA ARTICULACIÓN DEL HOMBRO,1839,117467345.72,0.039,77.2116,376,top_500
PARÁLISIS DE BELL,1837,33218237.02,0.039,77.2506,377,top_500
ESGUINCES Y TORCEDURAS QUE COMPROMETEN LOS LIGAMENTOS LATERALES (EXTERNO) (INTERNO) DE LA RODILLA,1821,158096121.62,0.0386,77.2892,378,top_500
FRACTURA DE LA EPÍFISIS INFERIOR DE LA TIBIA,1819,140818674.03,0.0386,77.3278,379,top_500
"ENFERMEDAD DIVERTICULAR DEL INTESTINO, PARTE NO ESPECIFICADA, SIN PERFORACIÓN NI ABSCESO",1808,132571017.76,0.0384,77.3662,380,top_500
HIPOPITUITARISMO,1799,68294126.84,0.0382,77.4044,381,top_500
"PRODUCTO ÚNICO, NACIDO EN HOSPITAL",1794,58645007.81,0.0381,77.4425,382,top_500
LEPTOSPIROSIS ICTEROHEMORRÁGICA,1785,6486251.26,0.0379,77.4804,383,top_500
CEFALEA,1778,43361124.67,0.0377,77.5181,384,top_500
HEMORROIDES EXTERNAS CON OTRAS COMPLICACIONES,1771,63293937.03,0.0376,77.5557,385,top_500
TUMOR MALIGNO DEL ENDOCÉRVIX,1767,177574942.76,0.0375,77.5932,386,top_500
SÍNDROME DE GUILLAIN-BARRÉ,1760,349187969.98,0.0373,77.6305,387,top_500
TUMOR BENIGNO LIPOMATOSO DE PIEL Y DE TEJIDO SUBCUTÁNEO DEL TRONCO,1758,56047516.83,0.0373,77.6678,388,top_500
"TUMOR MALIGNO DEL COLON, PARTE NO ESPECIFICADA",1748,259977146.07,0.0371,77.7049,389,top_500
BALANOPOSTITIS,1747,39279194.48,0.0371,77.742,390,top_500
"OTRAS HERNIAS DE LA CAVIDAD ABDOMINAL ESPECIFICADAS, SIN OBSTRUCCIÓN NI GANGRENA",1741,111475720.34,0.0369,77.7789,391,top_500
"ABORTO ESPONTÁNEO INCOMPLETO, COMPLICADO CON INFECCIÓN GENITAL Y PELVIANA",1736,32426244.61,0.0368,77.8157,392,top_500
"ABORTO ESPONTÁNEO INCOMPLETO, SIN COMPLICACIÓN",1736,32879720.72,0.0368,77.8525,393,top_500
"TRAUMATISMO INTRACRANEAL, NO ESPECIFICADO",1728,110470688.29,0.0367,77.8892,394,top_500
"ACCIDENTE VASCULAR ENCEFÁLICO AGUDO, NO ESPECIFICADO COMO HEMORRÁGICO O ISQUÉMICO",1709,183023586.53,0.0363,77.9255,395,top_500
TRAUMATISMO SUPERFICIAL DE OTRAS PARTES DE LA CABEZA,1706,36194203.6,0.0362,77.9617,396,top_500
"TRASTORNO DE LA REFRACCIÓN, NO ESPECIFICADO",1704,57117467.23,0.0362,77.9979,397,top_500
"EXAMEN PSIQUIÁTRICO GENERAL, NO CLASIFICADO EN OTRA PARTE",1702,140201624.43,0.0361,78.034,398,top_500
USO EMERGENTE DE U07,1696,141088982.12,0.036,78.07,399,top_500
PRURIGO DE BESNIER,1695,39089687.14,0.036,78.106,400,top_500
CARIES LIMITADA AL ESMALTE,1691,10711212.93,0.0359,78.1419,401,top_500
"DIABETES MELLITUS TIPO 1, CON CETOACIDOSIS",1691,72995674.94,0.0359,78.1778,402,top_500
TUMOR DE COMPORTAMIENTO INCIERTO O DESCONOCIDO DE OTROS SITIOS ESPECIFICADOS,1680,165019323.57,0.0356,78.2134,403,top_500
TUMOR MALIGNO DEL TESTÍCULO NO DESCENDIDO,1679,96834209.35,0.0356,78.249,404,top_500
"INTOXICACIÓN ALIMENTARIA BACTERIANA, NO ESPECIFICADA",1676,25696658.78,0.0356,78.2846,405,top_500
DEDO EN GATILLO,1658,37528057.64,0.0352,78.3198,406,top_500
CATARATA TRAUMÁTICA,1651,78577071.91,0.035,78.3548,407,top_500
HIPERTROFIA DE LAS ADENOIDES,1649,63068540.339999996,0.035,78.3898,408,top_500
"FISURA ANAL, NO ESPECIFICADA",1641,55988773.23,0.0348,78.4246,409,top_500
"TERMINACIÓN DEL EMBARAZO, FETO Y RECIÉN NACIDO",1639,8806472.98,0.0348,78.4594,410,top_500
DIABETES MELLITUS INSULINODEPENDIENTE CON COMA,1628,90578262.5,0.0345,78.4939,411,top_500
BRONQUIOLITIS AGUDA DEBIDA A VIRUS SINCITIAL RESPIRATORIO,1622,77327327.27,0.0344,78.5283,412,top_500
FRACTURA DE VÉRTEBRA LUMBAR,1620,192078593.60999998,0.0344,78.5627,413,top_500
"TRAUMATISMO SUPERFICIAL DE LA CABEZA, PARTE NO ESPECIFICADA",1619,44720342.9,0.0344,78.5971,414,top_500
PARTO POR CESÁREA CON HISTERECTOMÍA,1618,27357873.78,0.0343,78.6314,415,top_500
URTICARIA ALÉRGICA,1615,21768569.05,0.0343,78.6657,416,top_500
FIBRILACIÓN Y ALETEO VENTRICULAR,1613,136857835.13,0.0342,78.6999,417,top_500
"BRONQUIOLITIS AGUDA, NO ESPECIFICADA",1604,85010689.67,0.034,78.7339,418,top_500
"COXARTROSIS, NO ESPECIFICADA",1600,220153384.09,0.0339,78.7678,419,top_500
CONSOLIDACIÓN DEFECTUOSA DE FRACTURA,1600,22522640.94,0.0339,78.8017,420,top_500
EPILEPSIA,1595,50792882.81,0.0338,78.8355,421,top_500
OTROS TRASTORNOS DE DISCO CERVICAL,1588,183183276.79,0.0337,78.8692,422,top_500
"MIGRAÑA, NO ESPECIFICADA",1583,42269812.49,0.0336,78.9028,423,top_500
SÍNDROME DE LA ARTICULACIÓN CONDROCOSTAL [TIETZE],1573,33838636.83,0.0334,78.9362,424,top_500
"FARINGITIS AGUDA, NO ESPECIFICADA",1573,25025905.52,0.0334,78.9696,425,top_500
SÍNDROME SECO [SJÖGREN],1560,46449758.33,0.0331,79.0027,426,top_500
TRASTORNO DE MENISCO DEBIDO A DESGARRO O LESIÓN ANTIGUA,1558,102713414.92,0.0331,79.0358,427,top_500
"OTROS TRAUMATISMOS DEL PIE Y DEL TOBILLO, ESPECIFICADOS",1549,89369673.79,0.0329,79.0687,428,top_500
EXAMEN GINECOLÓGICO (GENERAL) (DE RUTINA),1549,7617260.01,0.0329,79.1016,429,top_500
DEFORMIDAD ADQUIRIDA DE LA NARIZ,1548,64218232.1,0.0328,79.1344,430,top_500
HERNIA HIATAL CONGÉNITA,1538,50168386.51,0.0326,79.167,431,top_500
"HIDROCELE, NO ESPECIFICADO",1535,36094071.83,0.0326,79.1996,432,top_500
TUMOR DE COMPORTAMIENTO INCIERTO O DESCONOCIDO DEL ÚTERO,1531,95897021.02,0.0325,79.2321,433,top_500
CISTOCELE,1529,53800638.8,0.0324,79.2645,434,top_500
"INFECCIÓN AGUDA DE LAS VÍAS RESPIRATORIAS SUPERIORES, NO ESPECIFICADA",1522,49623040.44,0.0323,79.2968,435,top_500
TUMOR MALIGNO DEL COLON SIGMOIDE,1520,197901972.09,0.0322,79.329,436,top_500
"ISQUEMIA CEREBRAL TRANSITORIA, SIN OTRA ESPECIFICACIÓN",1515,112123467.46000001,0.0321,79.3611,437,top_500
ABSCESO ISQUIORRECTAL,1510,64969390.58,0.032,79.3931,438,top_500
"CEFALEA VASCULAR, NCOP",1500,45498724.28,0.0318,79.4249,439,top_500
HEMORROIDES TROMBOSADAS NO ESPECIFICADAS,1497,54941883.23,0.0318,79.4567,440,top_500
SÍNDROME MUCOCUTÁNEO LINFONODULAR [KAWASAKI],1496,111017451.88,0.0317,79.4884,441,top_500
LINFOMA DE HODGKIN CON PREDOMINIO LINFOCÍTICO NODULAR,1490,218140635.4,0.0316,79.52,442,top_500
PANCREATITIS AGUDA,1490,183202588.02,0.0316,79.5516,443,top_500
"INFLUENZA CON NEUMONÍA, DEBIDA A OTRO VIRUS DE LA INFLUENZA ESTACIONAL IDENTIFICADO",1489,93127989.66,0.0316,79.5832,444,top_500
OTRAS SINOVITIS Y TENOSINOVITIS,1488,50512575.93,0.0316,79.6148,445,top_500
"LUXACIÓN DEL CODO, NO ESPECIFICADA",1488,44291064.51,0.0316,79.6464,446,top_500
ENFERMEDAD NO ESPECIFICADA DE LOS TEJIDOS DENTALES DUROS,1480,9570784.6,0.0314,79.6778,447,top_500
CALACIO [CHALAZIÓN],1475,14674867.33,0.0313,79.7091,448,top_500
SINDROME DEL COLON IRRITABLE,1469,19585689.96,0.0312,79.7403,449,top_500
HERIDA DEL PÁRPADO Y DE LA REGIÓN PERIOCULAR,1469,16496121.52,0.0312,79.7715,450,top_500
"TUMOR MALIGNO DEL CEREBRO, EXCEPTO LÓBULOS Y VENTRÍCULOS",1455,193762152.78,0.0309,79.8024,451,top_500
TUMOR DE COMPORTAMIENTO INCIERTO O DESCONOCIDO DEL ESTÓMAGO,1452,224257509.44,0.0308,79.8332,452,top_500
GLAUCOMA PRIMARIO DE ÁNGULO ABIERTO,1444,20025525.37,0.0306,79.8638,453,top_500
OTROS HIPOTIROIDISMOS ESPECIFICADOS,1443,36808147.54,0.0306,79.8944,454,top_500
OTRAS OBSTRUCCIONES INTESTINALES Y LAS NO ESPECIFICADAS,1443,150748080.39,0.0306,79.925,455,top_500
VERRUGAS (VENÉREAS) ANOGENITALES,1437,33119019.12,0.0305,79.9555,456,top_500
"HEMORRAGIA VAGINAL Y UTERINA ANORMAL, NO ESPECIFICADA",1435,56717840.9,0.0304,79.9859,457,top_500
"TESTÍCULO NO DESCENDIDO, BILATERAL",1432,46122477.54,0.0304,80.0163,458,top_500
TENOSINOVITIS DE ESTILOIDES RADIAL [DE QUERVAIN],1427,29931554.38,0.0303,80.0466,459,top_500
OTRAS COXARTROSIS PRIMARIAS,1426,187848544.67,0.0303,80.0769,460,top_500
HERIDA DEL LABIO Y DE LA CAVIDAD BUCAL,1416,16249762.58,0.03,80.1069,461,top_500
TUMOR MALIGNO DEL ENDOMETRIO,1413,131684487.13,0.03,80.1369,462,top_500
"HERIDA DE LA CABEZA, PARTE NO ESPECIFICADA",1407,14604852.37,0.0299,80.1668,463,top_500
OTRAS ENDOMETRIOSIS,1401,86589075.76,0.0297,80.1965,464,top_500
LARINGOFARINGITIS AGUDA,1400,29421447.13,0.0297,80.2262,465,top_500
"EMBARAZO ECTÓPICO, NO ESPECIFICADO",1399,80593083.78,0.0297,80.2559,466,top_500
TUMOR DE COMPORTAMIENTO INCIERTO O DESCONOCIDO DE LA GLÁNDULA HIPÓFISIS,1393,152132146.43,0.0296,80.2855,467,top_500
HERIDA DE LA MEJILLA Y DE LA REGIÓN TEMPOROMANDIBULAR,1390,15069572.66,0.0295,80.315,468,top_500
"HERNIA ABDOMINAL NO ESPECIFICADA, SIN OBSTRUCCIÓN NI GANGRENA",1390,75307793.58,0.0295,80.3445,469,top_500
CORONAVIRUS COMO CAUSA DE ENFERMEDADES CLASIFICADAS EN OTROS CAPÍTULOS,1382,250539582.89,0.0293,80.3738,470,top_500
TRASTORNOS DE LA ACOMODACION Y DE LA REFRACCION,1379,20522941.52,0.0293,80.4031,471,top_500
LUXACIÓN DE LA MUÑECA,1379,34411774.52,0.0293,80.4324,472,top_500
"PERSONA QUE TEME ESTAR ENFERMA, A QUIEN NO SE HACE DIAGNÓSTICO",1379,3787845.63,0.0293,80.4617,473,top_500
BOCIO MULTINODULAR NO TÓXICO,1376,49319315.47,0.0292,80.4909,474,top_500
FRACTURA DE OTRAS PARTES Y DE LAS NO ESPECIFICADAS DE LA MUÑECA Y DE LA MANO,1374,93239550.82,0.0292,80.5201,475,top_500
FRACTURAS MÚLTIPLES DE LOS DEDOS DE LA MANO,1372,74480762.07000001,0.0291,80.5492,476,top_500
OTRAS EPILEPSIAS,1361,36962919.160000004,0.0289,80.5781,477,top_500
"ENDOMETRIOSIS, NO ESPECIFICADA",1357,97793444.37,0.0288,80.6069,478,top_500
CELULITIS DE OTRAS PARTES DE LOS MIEMBROS,1355,87165657.3,0.0287,80.6356,479,top_500
SÍNDROME ARTERIAL VÉRTEBRO-BASILAR,1353,70026499.3,0.0287,80.6643,480,top_500
CARCINOMA IN SITU DE LA MAMA,1345,100337418.34,0.0285,80.6928,481,top_500
"LUXACION, ESGUINCE Y TORCEDURA DE ARTICULACIONES Y LIGAMENTOS DEL TOBILLO Y DEL PIE",1343,33221769.49,0.0285,80.7213,482,top_500
OBESIDAD DEBIDA A EXCESO DE CALORÍAS,1339,61092277.25,0.0284,80.7497,483,top_500
LUXACIÓN DE LA CABEZA DEL RADIO,1338,37859336.0,0.0284,80.7781,484,top_500
"CÓLERA, NO ESPECIFICADO",1336,30843508.89,0.0283,80.8064,485,top_500
HIPOTERMIA NO ASOCIADA CON BAJA TEMPERATURA DEL AMBIENTE,1324,47238173.23,0.0281,80.8345,486,top_500
OTROS PRODUCTOS ANORMALES ESPECIFICADOS DE LA CONCEPCIÓN,1313,28170854.0,0.0279,80.8624,487,top_500
"CAÍDA EN O DESDE ESCALERA Y ESCALONES, VIVIENDA",1311,62557241.519999996,0.0278,80.8902,488,top_500
ABSCESO DE LA GLÁNDULA DE BARTHOLIN,1296,28418517.53,0.0275,80.9177,489,top_500
HERIDA DE LA RODILLA,1294,32647133.68,0.0275,80.9452,490,top_500
TUMOR DE COMPORTAMIENTO INCIERTO O DESCONOCIDO DEL TEJIDO CONJUNTIVO Y OTRO TEJIDO BLANDO,1291,67656163.3,0.0274,80.9726,491,top_500
"OTRAS DIABETES MELLITUS ESPECIFICADAS, CON COMA",1285,35337586.63,0.0273,80.9999,492,top_500
NEURALGIA DEL TRIGÉMINO,1284,148259636.07,0.0272,81.0271,493,top_500
"HEPATITIS AGUDA TIPO A, SIN COMA HEPÁTICO",1274,65077224.19,0.027,81.0541,494,top_500
"INFARTO CEREBRAL, NO ESPECIFICADO",1273,125514898.11,0.027,81.0811,495,top_500
CONTUSIÓN DEL TÓRAX,1269,25875946.48,0.0269,81.108,496,top_500
"DIABETES MELLITUS TIPO 2, CON CETOACIDOSIS",1256,63758146.99,0.0266,81.1346,497,top_500
OTROS TRASTORNOS ESPECIFICADOS DE LA MAMA,1255,66128247.14,0.0266,81.1612,498,top_500
FRACTURA A NIVEL DE LA MUÑECA Y DE LA MANO,1252,54820016.78,0.0266,81.1878,499,top_500
"CARIES DENTAL, NO ESPECIFICADA",1248,8761197.17,0.0265,81.2143,500,top_500
